order_id,customer_id,order_date,status,region_code
1,188,2025-08-11 22:15:37,SHIPPED,WEST
2,507,2024-03-04 08:49:30,RETURNED,CENTRAL
3,505,2025-03-30 08:58:55,CANCELLED,NORTH
4,209,2026-05-12 03:57:35,CANCELLED,CENTRAL
5,577,2026-02-13 11:40:32,RETURNED,CENTRAL
6,185,2025-12-03 10:36:45,SHIPPED,WEST
7,337,2024-02-10 07:56:23,RETURNED,NORTH
8,605,2026-01-17 04:38:35,SHIPPED,NORTH
9,492,2026-01-14 08:24:59,SHIPPED,NORTH
10,45,2026-04-04 15:56:48,DELIVERED,CENTRAL
11,50,2026-05-23 23:11:49,DELIVERED,NORTH
12,617,2026-03-07 05:38:32,SHIPPED,SOUTH
13,409,24-08-2024 06:35:26,SHIPPED,WEST
14,292,2024-08-27 10:33:24,DELIVERED,WEST
15,318,2024-07-22 22:43:18,PLACED,EAST
16,502,2025-11-22 23:17:48,DELIVERED,CENTRAL
17,93,2025-10-18 09:17:48,DELIVERED,WEST
18,96,2025-12-23 16:54:37,RETURNED,SOUTH
19,159,2026-06-17 17:28:33,DELIVERED,NORTH
20,448,2025-01-22 12:04:49,DELIVERED,SOUTH
21,308,2025-04-28 06:28:28,SHIPPED,NORTH
22,47,2026-06-06 16:41:06,DELIVERED,NORTH
23,583,2025-01-28 14:42:12,DELIVERED,CENTRAL
24,,2025-12-20 01:22:40,SHIPPED,WEST
25,,2025-10-08 14:58:58,SHIPPED,CENTRAL
26,461,2026-05-03 06:20:03,SHIPPED,SOUTH
27,81,2026-05-27 01:24:32,SHIPPED,NORTH
28,19,2025-02-20 12:59:50,PLACED,WEST
29,415,2026-06-16 16:48:38,DELIVERED,WEST
30,632,2025-10-08 08:56:37,RETURNED,WEST
31,90,2024-07-13 07:40:27,SHIPPED,NORTH
32,193,2024-10-20 19:52:24,DELIVERED,SOUTH
33,642,2026-04-16 15:48:44,SHIPPED,WEST
34,433,2024-02-03 21:23:25,RETURNED,WEST
35,483,2024-01-31 11:46:35,DELIVERED,SOUTH
36,402,2025-08-05 18:37:44,PLACED,WEST
37,508,2026-01-23 12:08:08,DELIVERED,EAST
38,,2025-09-12 21:09:51,DELIVERED,CENTRAL
39,500,2024-12-26 06:04:27,DELIVERED,WEST
40,567,2026-01-21 07:58:50,DELIVERED,WEST
41,638,2026-04-30 16:04:32,DELIVERED,SOUTH
42,197,2026-03-28 02:49:08,SHIPPED,SOUTH
43,348,2026-06-12 19:58:47,DELIVERED,WEST
44,301,2025-10-15 10:05:39,CANCELLED,EAST
45,166,2024-11-17 21:17:46,DELIVERED,WEST
46,205,2024-08-30 19:48:42,PLACED,WEST
47,506,2025-04-25 16:57:47,DELIVERED,NORTH
48,268,2025-07-08 15:33:37,SHIPPED,CENTRAL
49,,2024-04-08 21:37:30,PLACED,SOUTH
50,230,2026-01-25 13:00:45,SHIPPED,EAST
51,571,2025-12-30 21:11:56,CANCELLED,CENTRAL
52,107,2026-03-23 08:10:15,RETURNED,WEST
53,114,2024-06-13 11:56:04,DELIVERED,NORTH
54,43,2026-02-27 01:43:42,DELIVERED,SOUTH
55,161,2026-03-11 10:47:00,DELIVERED,WEST
56,102,2025-03-30 20:16:51,SHIPPED,SOUTH
57,207,2025-11-13 03:08:59,DELIVERED,NORTH
58,486,2025-10-16 05:20:04,SHIPPED,EAST
59,425,2025-08-27 02:52:49,SHIPPED,CENTRAL
60,234,2026-01-08 14:12:01,DELIVERED,WEST
61,529,2026-06-06 04:33:16,RETURNED,WEST
62,11,2026-03-14 16:09:26,PLACED,EAST
63,169,2025-12-05 03:41:37,DELIVERED,SOUTH
64,60,2026-01-15 14:01:05,DELIVERED,CENTRAL
65,430,2025-05-03 05:52:32,DELIVERED,EAST
66,322,18-06-2025 15:06:59,SHIPPED,CENTRAL
67,151,2025-09-19 11:54:10,SHIPPED,CENTRAL
68,634,2026-03-08 10:51:08,SHIPPED,WEST
69,309,2025-07-24 11:06:37,SHIPPED,SOUTH
70,554,2025-04-26 12:47:56,DELIVERED,EAST
71,164,09-08-2024 04:36:46,DELIVERED,CENTRAL
72,312,2026-05-27 02:08:18,PLACED,NORTH
73,266,2026-06-06 11:57:57,PLACED,NORTH
74,587,2025-12-04 00:35:32,RETURNED,CENTRAL
75,643,2026-03-11 11:06:03,DELIVERED,EAST
76,587,2026-01-25 08:37:43,DELIVERED,SOUTH
77,529,2025-12-23 08:08:45,DELIVERED,WEST
78,436,2026-02-17 11:11:48,PLACED,WEST
79,488,2024-11-29 15:44:34,DELIVERED,CENTRAL
80,573,2026-05-11 18:27:32,CANCELLED,CENTRAL
81,434,2026-02-14 19:41:05,RETURNED,WEST
82,148,2026-05-05 20:31:56,DELIVERED,SOUTH
83,526,2026-04-01 23:48:37,SHIPPED,WEST
84,,2024-08-31 15:24:27,DELIVERED,NORTH
85,419,2025-08-16 20:24:27,DELIVERED,NORTH
86,121,2025-10-14 12:39:12,DELIVERED,EAST
87,147,2024-09-23 19:21:21,DELIVERED,EAST
88,221,2025-07-09 04:48:18,DELIVERED,NORTH
89,70,2025-11-14 08:28:15,DELIVERED,CENTRAL
90,346,2025-08-09 02:58:24,DELIVERED,CENTRAL
91,142,2025-07-17 01:28:49,DELIVERED,WEST
92,334,2025-01-31 08:57:06,DELIVERED,WEST
93,405,2025-07-20 07:22:42,RETURNED,WEST
94,91,2025-12-12 07:38:29,DELIVERED,EAST
95,127,2026-06-18 05:32:46,RETURNED,CENTRAL
96,55,2026-06-04 20:15:05,DELIVERED,CENTRAL
97,124,2026-04-06 05:09:25,PLACED,SOUTH
98,594,2026-01-14 02:04:30,DELIVERED,EAST
99,47,2026-06-02 10:25:49,PLACED,WEST
100,25,2026-03-31 01:36:14,SHIPPED,NORTH
101,555,2024-09-18 05:18:35,SHIPPED,NORTH
102,418,2025-12-03 02:10:50,DELIVERED,EAST
103,60,2025-05-01 11:34:34,SHIPPED,WEST
104,265,2025-05-17 16:04:21,CANCELLED,NORTH
105,612,2026-05-25 04:22:25,DELIVERED,CENTRAL
106,118,2025-10-15 13:56:30,DELIVERED,WEST
107,30,2026-04-25 03:03:31,RETURNED,NORTH
108,601,2024-08-31 16:32:43,DELIVERED,SOUTH
109,417,2026-04-29 04:51:21,DELIVERED,SOUTH
110,146,2025-09-25 22:54:49,SHIPPED,SOUTH
111,434,2026-05-15 04:47:16,PLACED,WEST
112,636,2025-03-25 08:00:04,SHIPPED,NORTH
113,494,2025-02-28 13:28:19,CANCELLED,WEST
114,648,2026-04-25 07:30:22,DELIVERED,NORTH
115,547,2026-03-24 16:18:02,PLACED,NORTH
116,570,2026-04-13 06:22:12,SHIPPED,CENTRAL
117,326,2026-05-07 19:17:02,DELIVERED,WEST
118,330,2025-12-08 16:13:14,RETURNED,EAST
119,,2024-07-26 17:39:25,PLACED,WEST
120,,2024-01-15 21:06:59,DELIVERED,WEST
121,552,2024-05-06 01:26:45,DELIVERED,NORTH
122,456,2026-04-18 01:47:09,RETURNED,WEST
123,367,2025-08-23 19:07:25,DELIVERED,NORTH
124,380,2024-11-03 19:13:14,SHIPPED,NORTH
125,367,2024-10-24 12:04:22,DELIVERED,EAST
126,227,2024-12-29 21:46:08,RETURNED,NORTH
127,621,16-02-2025 19:18:11,RETURNED,WEST
128,285,2026-05-10 12:12:31,SHIPPED,SOUTH
129,580,2026-05-27 21:57:18,DELIVERED,NORTH
130,584,2025-09-28 01:34:43,DELIVERED,EAST
131,24,2026-03-03 06:11:30,DELIVERED,CENTRAL
132,3,2025-12-16 20:59:43,RETURNED,NORTH
133,331,2025-12-28 23:38:28,DELIVERED,NORTH
134,478,2026-06-13 22:10:56,DELIVERED,SOUTH
135,,2025-10-14 13:02:56,SHIPPED,WEST
136,84,2025-12-30 03:29:24,RETURNED,SOUTH
137,434,2025-05-06 19:40:08,SHIPPED,EAST
138,642,30-05-2024 06:12:37,DELIVERED,NORTH
139,642,2025-06-03 07:42:06,SHIPPED,WEST
140,349,2026-05-27 07:37:32,SHIPPED,SOUTH
141,615,2026-02-04 14:46:43,PLACED,WEST
142,88,2026-06-18 22:28:24,PLACED,EAST
143,67,2025-12-17 12:43:11,CANCELLED,NORTH
144,642,2025-11-01 20:07:28,DELIVERED,CENTRAL
145,391,2025-11-06 23:49:48,DELIVERED,SOUTH
146,639,2025-12-04 02:51:36,DELIVERED,WEST
147,635,2025-12-16 07:58:43,RETURNED,NORTH
148,337,2024-10-26 00:13:25,PLACED,NORTH
149,199,2026-06-09 10:53:50,DELIVERED,EAST
150,636,2025-11-21 16:47:45,PLACED,NORTH
151,320,2026-03-09 00:08:33,RETURNED,EAST
152,555,2024-08-14 05:16:54,SHIPPED,EAST
153,9,2026-05-27 01:07:58,DELIVERED,NORTH
154,573,2026-02-10 14:29:18,SHIPPED,SOUTH
155,207,2024-04-16 06:16:39,DELIVERED,WEST
156,340,2026-06-06 15:10:44,SHIPPED,EAST
157,167,2024-11-24 10:30:23,DELIVERED,NORTH
158,4,2024-12-12 10:58:40,DELIVERED,SOUTH
159,340,2026-03-19 23:45:07,SHIPPED,NORTH
160,76,25-09-2025 23:29:27,PLACED,EAST
161,647,2026-06-28 19:58:16,DELIVERED,NORTH
162,291,2024-09-27 12:39:22,SHIPPED,SOUTH
163,568,2025-01-25 02:12:44,PLACED,EAST
164,22,2024-08-01 04:48:35,DELIVERED,NORTH
165,216,2026-01-16 22:57:40,DELIVERED,EAST
166,540,2026-02-15 01:21:37,CANCELLED,NORTH
167,134,2025-09-27 07:10:00,DELIVERED,EAST
168,440,2025-10-16 22:44:08,DELIVERED,CENTRAL
169,549,2025-04-01 23:55:39,SHIPPED,NORTH
170,287,2025-03-07 05:21:28,RETURNED,WEST
171,84,2026-06-13 11:13:11,DELIVERED,NORTH
172,398,2026-04-08 13:23:48,DELIVERED,EAST
173,476,2024-10-05 01:32:54,DELIVERED,WEST
174,507,2026-01-05 22:59:03,DELIVERED,CENTRAL
175,213,2024-12-07 00:31:58,DELIVERED,SOUTH
176,314,2026-02-28 03:00:00,DELIVERED,EAST
177,87,2025-02-08 08:05:54,SHIPPED,CENTRAL
178,598,2024-03-04 21:55:09,DELIVERED,WEST
179,443,2025-09-27 06:51:52,DELIVERED,EAST
180,184,2025-11-17 03:20:26,DELIVERED,EAST
181,302,2026-03-17 20:47:16,DELIVERED,EAST
182,101,2026-03-04 00:39:34,PLACED,SOUTH
183,338,2025-04-09 04:46:42,CANCELLED,EAST
184,619,2024-09-14 01:59:31,DELIVERED,CENTRAL
185,9,2026-03-03 07:18:05,SHIPPED,WEST
186,594,2024-03-13 11:19:05,DELIVERED,SOUTH
187,234,2026-02-12 03:06:23,SHIPPED,SOUTH
188,566,2026-01-17 01:54:56,DELIVERED,NORTH
189,193,2025-08-29 01:16:49,DELIVERED,SOUTH
190,572,2025-06-09 09:10:50,DELIVERED,SOUTH
191,10,2025-09-04 04:57:04,CANCELLED,EAST
192,436,2025-10-29 15:32:42,DELIVERED,CENTRAL
193,602,2026-03-27 12:18:19,PLACED,SOUTH
194,339,2025-11-01 07:50:44,DELIVERED,CENTRAL
195,401,2025-08-25 08:35:11,DELIVERED,CENTRAL
196,487,2024-06-17 18:19:53,RETURNED,EAST
197,107,2026-03-11 02:23:20,PLACED,CENTRAL
198,192,2026-03-31 15:24:04,RETURNED,EAST
199,299,2026-04-13 07:26:39,PLACED,CENTRAL
200,,2025-05-22 14:56:44,DELIVERED,SOUTH
201,133,2026-04-13 08:25:05,DELIVERED,WEST
202,212,2026-03-29 05:31:41,SHIPPED,WEST
203,589,2025-04-27 01:20:04,DELIVERED,WEST
204,8,2024-12-01 19:58:17,CANCELLED,CENTRAL
205,539,2025-08-10 10:58:52,CANCELLED,WEST
206,41,2025-08-06 18:16:37,CANCELLED,WEST
207,305,2026-01-13 18:27:10,CANCELLED,SOUTH
208,184,2025-11-02 04:59:01,RETURNED,SOUTH
209,98,2025-09-03 08:39:23,PLACED,SOUTH
210,644,2026-04-15 08:18:31,RETURNED,SOUTH
211,422,2026-04-04 09:23:03,DELIVERED,NORTH
212,334,2025-10-07 12:44:41,SHIPPED,CENTRAL
213,,2024-02-11 12:06:53,DELIVERED,WEST
214,409,2026-04-11 16:46:03,PLACED,EAST
215,140,2025-06-17 01:46:44,DELIVERED,WEST
216,562,2026-06-14 03:53:40,RETURNED,SOUTH
217,286,2025-07-13 08:05:24,PLACED,NORTH
218,128,2026-04-10 13:20:22,SHIPPED,NORTH
219,158,2025-06-18 06:27:37,SHIPPED,NORTH
220,546,2025-08-29 22:49:04,PLACED,CENTRAL
221,106,2025-08-29 19:18:32,DELIVERED,CENTRAL
222,,2025-08-09 06:19:30,RETURNED,EAST
223,205,21-05-2024 23:07:59,PLACED,NORTH
224,197,2026-05-08 00:50:27,SHIPPED,NORTH
225,172,2025-08-22 17:59:11,DELIVERED,EAST
226,642,2024-10-21 10:50:39,RETURNED,WEST
227,124,2024-12-27 00:48:12,DELIVERED,SOUTH
228,,06-05-2025 06:17:24,SHIPPED,SOUTH
229,286,2025-12-21 14:17:06,CANCELLED,WEST
230,614,2025-09-03 00:46:19,PLACED,CENTRAL
231,583,2024-09-23 08:27:32,PLACED,EAST
232,398,2026-02-10 12:58:53,DELIVERED,SOUTH
233,326,2026-04-25 14:02:53,SHIPPED,CENTRAL
234,460,2025-08-16 23:50:20,DELIVERED,CENTRAL
235,14,14-10-2025 16:05:18,DELIVERED,NORTH
236,439,2026-01-01 04:05:01,PLACED,SOUTH
237,304,2025-03-08 21:46:21,SHIPPED,NORTH
238,613,2026-04-02 07:18:42,SHIPPED,EAST
239,41,2026-04-15 06:10:24,SHIPPED,NORTH
240,340,2026-03-07 02:27:37,DELIVERED,SOUTH
241,228,2025-08-15 14:49:33,SHIPPED,NORTH
242,504,2024-04-18 17:13:36,PLACED,SOUTH
243,129,2025-01-18 06:31:08,DELIVERED,SOUTH
244,81,2026-03-25 18:25:17,SHIPPED,SOUTH
245,181,2025-01-21 18:15:11,DELIVERED,SOUTH
246,493,2025-07-14 03:36:20,DELIVERED,WEST
247,452,2025-10-18 15:17:45,DELIVERED,SOUTH
248,494,2024-01-31 18:36:37,DELIVERED,NORTH
249,308,2024-11-30 08:44:55,SHIPPED,WEST
250,465,2025-03-20 23:25:16,DELIVERED,NORTH
251,481,2026-03-30 00:06:05,SHIPPED,NORTH
252,384,2025-08-22 17:21:40,DELIVERED,WEST
253,383,2025-10-17 13:57:10,DELIVERED,CENTRAL
254,40,2025-09-07 16:25:44,DELIVERED,SOUTH
255,262,2025-06-25 11:57:19,DELIVERED,EAST
256,395,2026-05-15 15:33:41,SHIPPED,WEST
257,,2025-07-15 10:30:04,DELIVERED,SOUTH
258,467,2026-06-26 08:35:41,SHIPPED,CENTRAL
259,166,2024-01-20 03:58:16,PLACED,WEST
260,601,2024-07-29 19:36:08,SHIPPED,WEST
261,438,2025-01-27 19:43:22,DELIVERED,CENTRAL
262,392,2025-06-25 10:17:03,DELIVERED,NORTH
263,587,2026-04-14 17:58:25,SHIPPED,SOUTH
264,408,25-07-2025 14:48:48,SHIPPED,WEST
265,,2024-04-18 11:52:46,DELIVERED,WEST
266,442,2026-04-15 13:36:23,SHIPPED,SOUTH
267,187,2026-04-22 18:47:55,DELIVERED,SOUTH
268,61,2024-11-19 20:38:44,SHIPPED,WEST
269,640,2025-02-11 19:33:02,SHIPPED,EAST
270,128,2025-03-05 22:26:34,PLACED,SOUTH
271,104,2025-07-18 16:36:27,DELIVERED,NORTH
272,43,2024-05-30 10:31:33,DELIVERED,WEST
273,273,2025-08-08 10:19:12,SHIPPED,WEST
274,352,2026-03-06 05:02:57,RETURNED,WEST
275,59,2025-06-13 12:51:57,CANCELLED,NORTH
276,412,22-03-2026 23:08:55,PLACED,CENTRAL
277,255,2026-02-03 04:01:51,DELIVERED,WEST
278,193,2024-10-02 10:19:50,RETURNED,EAST
279,,2025-07-13 13:26:18,RETURNED,EAST
280,240,2026-01-22 16:49:00,DELIVERED,NORTH
281,488,2024-06-05 01:15:38,SHIPPED,SOUTH
282,533,2025-11-27 04:51:04,DELIVERED,NORTH
283,90,2025-04-13 03:04:44,RETURNED,WEST
284,457,2024-07-04 16:48:44,DELIVERED,SOUTH
285,92,2025-10-02 23:02:55,DELIVERED,SOUTH
286,335,2025-08-18 17:32:11,SHIPPED,EAST
287,127,2026-01-04 17:20:29,DELIVERED,WEST
288,341,2025-10-04 20:03:00,DELIVERED,CENTRAL
289,352,2026-03-18 04:59:43,DELIVERED,WEST
290,576,2026-05-23 11:48:45,SHIPPED,EAST
291,90,2024-06-22 00:38:29,DELIVERED,SOUTH
292,119,2026-06-08 20:59:10,CANCELLED,WEST
293,2,2025-04-27 19:25:24,DELIVERED,WEST
294,328,2026-05-13 01:43:05,DELIVERED,SOUTH
295,617,2025-11-03 13:01:07,PLACED,WEST
296,304,2025-03-22 00:40:14,DELIVERED,CENTRAL
297,36,2026-06-04 06:59:04,DELIVERED,NORTH
298,588,2026-01-12 23:40:23,SHIPPED,EAST
299,386,2025-10-03 20:10:22,SHIPPED,SOUTH
300,231,2024-03-22 15:48:49,DELIVERED,WEST
301,307,2024-09-04 07:09:12,DELIVERED,EAST
302,485,2025-06-25 01:49:55,DELIVERED,CENTRAL
303,290,2024-10-30 01:33:48,DELIVERED,NORTH
304,595,2026-06-25 15:48:46,RETURNED,EAST
305,168,2026-06-22 03:29:49,DELIVERED,EAST
306,215,2024-12-04 20:43:01,SHIPPED,NORTH
307,590,2025-11-15 14:13:21,RETURNED,SOUTH
308,438,2024-09-18 07:48:17,PLACED,WEST
309,54,2025-08-18 03:30:13,DELIVERED,CENTRAL
310,153,2026-04-04 11:48:27,SHIPPED,NORTH
311,501,2025-12-26 02:32:35,RETURNED,WEST
312,92,2026-06-21 00:58:35,CANCELLED,WEST
313,456,20-12-2025 15:41:56,PLACED,NORTH
314,522,15-12-2024 10:11:10,DELIVERED,CENTRAL
315,97,2026-05-25 11:49:12,DELIVERED,WEST
316,129,2025-01-24 05:43:09,DELIVERED,CENTRAL
317,21,2025-12-24 17:47:57,DELIVERED,CENTRAL
318,532,2026-06-27 07:59:56,CANCELLED,NORTH
319,213,2024-07-01 06:13:58,DELIVERED,SOUTH
320,,2025-11-25 18:03:00,PLACED,SOUTH
321,166,2024-05-16 10:12:05,CANCELLED,NORTH
322,128,2026-02-25 06:34:36,RETURNED,SOUTH
323,1,2025-01-20 18:40:39,RETURNED,CENTRAL
324,301,2026-05-26 16:46:50,DELIVERED,EAST
325,361,2026-05-24 16:58:00,SHIPPED,NORTH
326,46,2025-01-03 07:44:31,PLACED,SOUTH
327,617,2025-10-29 19:16:36,SHIPPED,CENTRAL
328,564,2025-06-30 00:56:10,DELIVERED,SOUTH
329,86,2025-01-29 20:29:40,RETURNED,SOUTH
330,73,2026-02-12 12:00:03,RETURNED,SOUTH
331,578,2026-03-05 11:23:49,DELIVERED,SOUTH
332,445,03-05-2025 07:59:20,DELIVERED,NORTH
333,545,2025-07-06 10:21:52,DELIVERED,EAST
334,372,2025-06-11 02:25:40,PLACED,SOUTH
335,101,2026-04-23 05:40:27,SHIPPED,NORTH
336,127,2026-01-20 05:56:06,CANCELLED,CENTRAL
337,502,2024-05-28 10:00:36,DELIVERED,EAST
338,623,2024-06-02 21:27:13,SHIPPED,WEST
339,545,2026-06-14 11:54:20,CANCELLED,WEST
340,266,2025-10-09 16:31:22,DELIVERED,SOUTH
341,582,2026-05-29 05:16:00,RETURNED,EAST
342,256,2025-10-11 17:15:25,SHIPPED,EAST
343,515,2025-12-31 18:42:21,DELIVERED,SOUTH
344,90,2025-04-19 19:53:12,SHIPPED,NORTH
345,79,2025-01-07 21:13:05,SHIPPED,NORTH
346,293,2025-11-18 10:17:12,CANCELLED,NORTH
347,435,2026-05-05 05:03:10,PLACED,WEST
348,546,2026-03-05 00:43:52,PLACED,SOUTH
349,8,2026-02-18 16:54:31,DELIVERED,EAST
350,541,2024-04-10 19:08:43,RETURNED,CENTRAL
351,180,2024-04-26 16:45:54,PLACED,EAST
352,433,2026-02-08 17:52:19,DELIVERED,NORTH
353,256,2026-04-17 11:50:10,CANCELLED,EAST
354,301,2025-04-03 06:37:29,DELIVERED,CENTRAL
355,313,2026-04-20 16:56:55,CANCELLED,WEST
356,500,2024-03-30 07:38:00,DELIVERED,EAST
357,110,2024-03-13 00:10:13,DELIVERED,WEST
358,104,2025-12-29 07:22:57,PLACED,CENTRAL
359,421,2025-07-29 02:17:49,PLACED,EAST
360,405,2025-08-16 17:38:03,DELIVERED,SOUTH
361,276,2025-07-29 10:13:17,DELIVERED,WEST
362,363,2026-04-12 03:23:37,DELIVERED,SOUTH
363,292,2024-03-03 12:51:50,DELIVERED,EAST
364,165,2026-06-19 10:57:28,DELIVERED,EAST
365,501,2026-05-24 22:02:58,DELIVERED,EAST
366,410,2025-12-05 19:19:19,DELIVERED,WEST
367,111,21-03-2026 17:14:26,SHIPPED,CENTRAL
368,,2025-01-02 09:32:35,CANCELLED,WEST
369,9,2026-04-24 16:14:06,SHIPPED,NORTH
370,254,2024-08-24 21:27:09,SHIPPED,EAST
371,270,2026-05-23 02:41:26,CANCELLED,SOUTH
372,106,2026-02-19 08:22:00,SHIPPED,CENTRAL
373,153,2025-11-01 02:00:56,DELIVERED,EAST
374,150,24-10-2025 05:43:37,SHIPPED,NORTH
375,538,2025-04-21 01:07:58,RETURNED,SOUTH
376,491,2026-01-20 21:54:37,DELIVERED,EAST
377,373,2025-03-11 19:53:00,DELIVERED,SOUTH
378,49,2024-10-09 08:11:30,PLACED,EAST
379,484,2025-03-11 05:05:51,PLACED,SOUTH
380,504,2025-07-18 19:17:28,PLACED,NORTH
381,134,2026-01-15 06:14:03,CANCELLED,CENTRAL
382,381,2025-01-05 02:41:11,SHIPPED,WEST
383,109,2024-11-23 16:50:54,DELIVERED,NORTH
384,196,2025-03-26 20:25:45,RETURNED,NORTH
385,634,2025-07-11 08:04:53,DELIVERED,SOUTH
386,158,2024-08-14 00:41:53,DELIVERED,EAST
387,574,2025-06-23 13:45:22,DELIVERED,NORTH
388,70,2026-05-03 12:12:51,RETURNED,CENTRAL
389,171,2025-03-01 21:00:07,PLACED,NORTH
390,63,2026-04-18 12:15:17,SHIPPED,WEST
391,546,2026-05-10 23:22:16,PLACED,WEST
392,394,2025-12-15 05:27:32,SHIPPED,SOUTH
393,,2026-06-07 09:54:07,DELIVERED,CENTRAL
394,538,2025-02-06 02:03:14,SHIPPED,EAST
395,176,2025-02-14 20:41:42,SHIPPED,NORTH
396,285,2026-02-14 19:41:29,DELIVERED,SOUTH
397,216,23-08-2025 05:50:32,SHIPPED,CENTRAL
398,333,2025-05-22 15:49:14,CANCELLED,EAST
399,419,2026-06-18 21:05:46,SHIPPED,NORTH
400,11,2025-07-06 05:22:21,RETURNED,SOUTH
401,17,2026-02-18 09:39:04,CANCELLED,CENTRAL
402,392,2025-04-07 18:31:23,DELIVERED,CENTRAL
403,453,2024-12-08 18:01:10,SHIPPED,WEST
404,238,2025-12-19 00:32:55,RETURNED,NORTH
405,471,2024-10-14 10:20:40,SHIPPED,CENTRAL
406,185,2026-05-31 23:28:22,SHIPPED,SOUTH
407,623,2024-10-18 19:28:54,PLACED,SOUTH
408,413,2025-03-05 20:29:36,PLACED,NORTH
409,387,19-08-2025 12:12:19,CANCELLED,NORTH
410,86,2025-02-19 18:57:24,DELIVERED,NORTH
411,10,2026-04-18 21:37:30,DELIVERED,EAST
412,88,2024-10-27 03:32:55,DELIVERED,WEST
413,315,2026-03-24 10:05:47,SHIPPED,CENTRAL
414,643,2026-01-23 02:50:22,CANCELLED,NORTH
415,106,2026-03-05 15:41:00,DELIVERED,NORTH
416,25,2024-12-18 03:03:42,PLACED,EAST
417,394,2024-10-09 14:53:56,RETURNED,SOUTH
418,289,2025-07-09 01:24:15,SHIPPED,EAST
419,87,2024-11-29 16:02:36,SHIPPED,CENTRAL
420,186,2026-05-01 17:33:17,CANCELLED,EAST
421,294,2025-11-19 14:22:47,SHIPPED,WEST
422,272,2024-04-28 15:15:39,CANCELLED,SOUTH
423,151,2025-05-12 12:00:33,DELIVERED,WEST
424,116,2026-02-09 00:36:31,SHIPPED,NORTH
425,131,2025-06-29 06:20:45,DELIVERED,WEST
426,424,2026-02-05 00:14:27,RETURNED,SOUTH
427,563,2026-05-31 05:19:00,DELIVERED,CENTRAL
428,394,2024-08-25 21:29:40,DELIVERED,CENTRAL
429,225,2024-05-15 12:55:26,PLACED,NORTH
430,486,2024-11-27 12:41:45,PLACED,EAST
431,143,2026-02-14 05:23:20,CANCELLED,CENTRAL
432,432,2025-01-11 16:57:31,SHIPPED,SOUTH
433,147,2025-09-24 08:45:28,DELIVERED,WEST
434,109,2024-08-27 14:21:21,DELIVERED,SOUTH
435,,2025-07-21 09:17:29,SHIPPED,NORTH
436,427,2025-06-04 06:55:52,DELIVERED,SOUTH
437,307,2025-12-31 09:44:55,SHIPPED,NORTH
438,160,2024-04-03 04:59:30,PLACED,SOUTH
439,12,2026-04-03 21:15:28,DELIVERED,WEST
440,265,2025-10-17 08:04:01,DELIVERED,WEST
441,279,2025-07-15 09:49:15,RETURNED,SOUTH
442,411,2026-05-09 04:57:10,DELIVERED,CENTRAL
443,80,2026-04-17 20:16:54,DELIVERED,WEST
444,169,2025-02-13 11:09:12,DELIVERED,SOUTH
445,107,2025-07-22 05:13:42,DELIVERED,EAST
446,,2025-03-14 09:26:13,PLACED,SOUTH
447,317,2024-10-18 15:35:47,DELIVERED,NORTH
448,88,2026-06-20 14:19:14,PLACED,WEST
449,,2025-05-03 16:24:12,SHIPPED,EAST
450,408,2026-05-20 01:24:26,DELIVERED,EAST
451,100,2026-04-18 08:03:16,DELIVERED,NORTH
452,154,2025-09-26 04:45:47,DELIVERED,CENTRAL
453,39,2025-03-26 16:26:04,DELIVERED,NORTH
454,96,2026-03-07 22:23:22,CANCELLED,SOUTH
455,165,2026-02-11 14:52:22,DELIVERED,CENTRAL
456,350,2025-06-01 13:38:08,SHIPPED,EAST
457,442,2026-04-02 21:14:12,DELIVERED,WEST
458,626,2024-04-26 12:08:19,DELIVERED,WEST
459,16,2024-08-09 13:21:10,SHIPPED,NORTH
460,466,2025-12-02 20:04:12,SHIPPED,NORTH
461,373,2025-07-02 22:31:54,SHIPPED,WEST
462,485,2025-02-01 17:21:08,DELIVERED,SOUTH
463,583,2026-01-28 11:36:53,CANCELLED,WEST
464,635,2025-12-27 02:13:12,DELIVERED,CENTRAL
465,383,2024-07-07 16:45:11,DELIVERED,EAST
466,44,2024-03-29 15:18:05,SHIPPED,CENTRAL
467,,2024-06-12 13:47:39,SHIPPED,WEST
468,229,2026-05-07 09:15:01,DELIVERED,EAST
469,548,2026-04-28 03:34:27,PLACED,SOUTH
470,407,2026-05-08 04:55:07,SHIPPED,EAST
471,619,2025-06-11 17:11:46,DELIVERED,NORTH
472,40,2025-10-01 23:13:29,PLACED,SOUTH
473,33,2026-05-28 20:15:20,CANCELLED,WEST
474,219,2024-06-13 00:09:21,PLACED,WEST
475,181,2024-05-09 20:30:32,SHIPPED,NORTH
476,463,2026-01-25 00:10:57,DELIVERED,EAST
477,56,2024-12-11 19:13:47,DELIVERED,EAST
478,358,2025-10-13 01:13:14,DELIVERED,SOUTH
479,448,2025-08-24 11:56:42,DELIVERED,NORTH
480,612,2025-07-28 05:25:34,DELIVERED,CENTRAL
481,325,2025-01-22 00:27:38,DELIVERED,SOUTH
482,325,2025-04-09 05:47:08,DELIVERED,EAST
483,4,2025-11-30 22:03:20,CANCELLED,WEST
484,593,2026-01-07 20:15:47,DELIVERED,SOUTH
485,560,2024-09-15 00:41:42,SHIPPED,SOUTH
486,591,2024-01-23 07:47:25,DELIVERED,EAST
487,515,2025-08-27 21:25:18,DELIVERED,WEST
488,361,2026-04-05 09:25:23,DELIVERED,EAST
489,181,2025-12-13 18:10:56,SHIPPED,CENTRAL
490,447,2025-08-15 17:42:42,DELIVERED,WEST
491,636,2024-06-03 03:22:42,CANCELLED,NORTH
492,17,2026-04-20 15:55:33,PLACED,CENTRAL
493,103,2025-09-23 01:45:53,DELIVERED,NORTH
494,431,2024-11-28 03:07:41,DELIVERED,WEST
495,481,2026-03-16 03:56:06,DELIVERED,WEST
496,406,2025-03-21 21:46:11,DELIVERED,CENTRAL
497,271,2026-02-20 16:34:20,DELIVERED,WEST
498,5,2026-06-10 04:42:23,PLACED,NORTH
499,384,2026-05-21 01:04:54,CANCELLED,CENTRAL
500,175,2026-06-08 20:41:38,SHIPPED,WEST
501,403,2026-04-16 13:17:22,RETURNED,WEST
502,400,2024-09-26 20:38:57,SHIPPED,SOUTH
503,102,2026-06-05 11:49:21,DELIVERED,CENTRAL
504,643,2026-06-16 23:56:25,DELIVERED,EAST
505,96,2025-12-17 22:59:03,DELIVERED,CENTRAL
506,633,2026-06-03 16:46:16,RETURNED,CENTRAL
507,134,2026-04-20 09:41:51,DELIVERED,SOUTH
508,228,2025-04-06 06:04:24,CANCELLED,WEST
509,53,2025-03-03 03:25:54,PLACED,NORTH
510,594,2024-08-02 15:44:54,RETURNED,NORTH
511,290,2025-02-10 23:52:09,PLACED,WEST
512,213,2025-08-30 02:05:16,DELIVERED,WEST
513,641,2024-04-28 13:08:35,DELIVERED,EAST
514,462,2025-08-16 03:11:22,PLACED,SOUTH
515,647,2024-02-18 20:33:31,SHIPPED,EAST
516,629,2025-12-12 22:44:20,DELIVERED,NORTH
517,31,17-01-2026 06:54:36,DELIVERED,SOUTH
518,374,2024-06-27 07:37:25,PLACED,SOUTH
519,130,2024-12-25 20:14:56,SHIPPED,NORTH
520,565,2025-04-02 05:04:39,CANCELLED,WEST
521,410,2025-04-09 22:47:30,SHIPPED,EAST
522,106,2026-06-25 15:59:02,DELIVERED,SOUTH
523,500,2025-11-04 08:59:42,DELIVERED,EAST
524,638,2026-01-27 18:31:24,DELIVERED,CENTRAL
525,648,2026-03-27 11:30:08,CANCELLED,CENTRAL
526,420,2025-03-31 21:29:12,CANCELLED,CENTRAL
527,31,2025-02-24 01:13:48,SHIPPED,SOUTH
528,75,2026-03-10 13:39:42,DELIVERED,EAST
529,327,28-12-2025 14:42:02,SHIPPED,WEST
530,330,2025-10-27 08:26:36,DELIVERED,CENTRAL
531,223,2025-01-29 22:34:17,DELIVERED,NORTH
532,432,2025-11-07 01:38:22,SHIPPED,SOUTH
533,,2026-02-06 07:12:14,RETURNED,WEST
534,464,2025-12-11 11:08:16,DELIVERED,SOUTH
535,292,2024-01-28 16:59:07,CANCELLED,NORTH
536,292,2024-07-22 14:11:53,DELIVERED,CENTRAL
537,41,2026-02-14 01:24:10,PLACED,NORTH
538,426,2025-06-12 14:01:44,DELIVERED,WEST
539,321,2026-05-11 13:26:45,DELIVERED,WEST
540,125,2025-11-18 20:13:44,PLACED,SOUTH
541,,2024-01-17 03:35:31,RETURNED,WEST
542,91,2025-12-22 05:44:14,CANCELLED,CENTRAL
543,54,2025-12-06 16:55:45,PLACED,NORTH
544,77,2025-11-21 20:13:48,DELIVERED,WEST
545,175,2024-08-03 00:11:20,PLACED,EAST
546,599,2026-01-20 00:21:25,DELIVERED,CENTRAL
547,592,2025-08-19 05:12:05,RETURNED,EAST
548,495,2025-03-08 09:47:09,DELIVERED,NORTH
549,249,2025-09-03 22:05:26,PLACED,WEST
550,14,2025-10-01 21:03:25,DELIVERED,WEST
551,214,2026-05-16 08:04:27,DELIVERED,EAST
552,320,2026-04-26 03:48:49,SHIPPED,CENTRAL
553,134,2025-10-19 22:26:41,DELIVERED,WEST
554,526,2024-11-11 09:09:40,SHIPPED,EAST
555,315,2026-05-11 02:08:38,PLACED,NORTH
556,247,2025-06-18 10:36:38,SHIPPED,NORTH
557,544,2026-05-16 13:50:17,PLACED,CENTRAL
558,442,2026-04-19 14:08:58,DELIVERED,CENTRAL
559,452,2025-02-27 10:50:58,PLACED,WEST
560,433,2024-10-28 06:17:42,DELIVERED,CENTRAL
561,623,2026-02-05 19:20:48,PLACED,NORTH
562,114,2024-12-07 02:31:37,CANCELLED,CENTRAL
563,68,2026-04-06 15:18:31,SHIPPED,CENTRAL
564,415,2026-03-16 02:25:26,SHIPPED,EAST
565,176,2025-01-14 05:50:38,SHIPPED,CENTRAL
566,4,2024-05-26 09:37:03,RETURNED,CENTRAL
567,313,2026-05-08 04:01:39,SHIPPED,NORTH
568,341,2026-04-02 13:50:50,PLACED,WEST
569,22,2024-10-02 18:14:26,CANCELLED,SOUTH
570,10,2025-11-16 09:03:31,DELIVERED,NORTH
571,254,2026-01-04 02:37:16,CANCELLED,CENTRAL
572,298,2025-11-06 15:47:43,SHIPPED,SOUTH
573,103,2025-01-10 14:11:52,SHIPPED,WEST
574,559,2025-03-11 18:18:44,SHIPPED,WEST
575,,2025-07-01 18:51:51,SHIPPED,CENTRAL
576,611,2026-05-04 02:30:51,DELIVERED,NORTH
577,421,2026-05-09 12:58:23,RETURNED,EAST
578,251,2025-09-10 14:56:59,RETURNED,EAST
579,92,2025-11-06 06:44:21,DELIVERED,NORTH
580,642,2026-04-26 11:57:23,DELIVERED,CENTRAL
581,358,2025-05-29 11:52:10,DELIVERED,EAST
582,43,2026-06-19 05:57:12,SHIPPED,CENTRAL
583,466,2026-03-11 01:40:35,DELIVERED,EAST
584,9,2026-05-19 18:20:12,PLACED,SOUTH
585,297,2025-09-28 12:23:02,SHIPPED,WEST
586,302,2025-09-10 01:19:54,SHIPPED,CENTRAL
587,501,28-12-2025 12:55:33,DELIVERED,NORTH
588,,2024-08-01 22:31:42,SHIPPED,CENTRAL
589,575,2025-08-27 05:02:58,DELIVERED,SOUTH
590,202,2025-12-25 14:00:37,PLACED,SOUTH
591,,2025-07-04 21:38:53,DELIVERED,WEST
592,101,2026-03-31 17:33:50,DELIVERED,SOUTH
593,331,2026-05-22 09:22:02,DELIVERED,SOUTH
594,427,2026-04-14 12:35:54,SHIPPED,EAST
595,644,2025-12-17 09:04:53,DELIVERED,WEST
596,540,2025-09-27 05:38:16,DELIVERED,EAST
597,438,2025-12-25 18:20:24,DELIVERED,NORTH
598,28,2025-11-26 22:29:30,PLACED,EAST
599,595,2026-03-03 22:06:48,DELIVERED,CENTRAL
600,55,2025-09-01 23:24:02,DELIVERED,WEST
601,531,2025-10-18 11:08:11,PLACED,EAST
602,110,2025-08-05 01:09:51,CANCELLED,CENTRAL
603,340,2025-11-17 15:18:02,DELIVERED,CENTRAL
604,55,2024-11-14 13:21:24,DELIVERED,WEST
605,159,2026-01-17 17:02:14,DELIVERED,NORTH
606,639,2026-02-15 22:39:30,PLACED,CENTRAL
607,533,2024-11-23 05:40:08,PLACED,NORTH
608,455,2025-09-18 22:52:11,PLACED,WEST
609,189,2024-12-30 22:44:42,DELIVERED,CENTRAL
610,632,2024-10-04 09:05:58,DELIVERED,SOUTH
611,247,2025-08-17 07:44:34,DELIVERED,SOUTH
612,297,2025-01-11 19:43:15,RETURNED,WEST
613,282,2025-08-30 16:35:28,DELIVERED,WEST
614,436,07-09-2024 02:01:27,DELIVERED,CENTRAL
615,595,12-12-2025 13:56:32,DELIVERED,CENTRAL
616,364,2024-08-04 09:36:42,DELIVERED,EAST
617,,2024-09-02 22:23:36,CANCELLED,CENTRAL
618,538,2025-08-29 19:31:49,SHIPPED,SOUTH
619,577,2026-04-03 18:25:19,CANCELLED,SOUTH
620,311,2025-11-23 22:43:39,CANCELLED,WEST
621,484,2024-10-07 04:51:00,RETURNED,CENTRAL
622,332,2026-02-20 08:57:54,CANCELLED,NORTH
623,,2024-09-04 06:38:54,DELIVERED,WEST
624,488,2025-05-17 18:53:46,RETURNED,SOUTH
625,179,2025-08-19 15:40:09,DELIVERED,NORTH
626,257,2025-02-05 21:56:45,DELIVERED,WEST
627,622,2026-06-08 08:10:26,RETURNED,EAST
628,461,2026-01-27 15:45:24,DELIVERED,CENTRAL
629,259,2026-02-01 21:38:51,SHIPPED,SOUTH
630,445,2026-04-06 03:02:06,DELIVERED,NORTH
631,645,2026-06-15 18:17:08,SHIPPED,SOUTH
632,369,2026-03-26 11:35:42,DELIVERED,NORTH
633,541,2026-03-16 18:45:44,SHIPPED,WEST
634,366,2025-10-24 09:16:53,CANCELLED,NORTH
635,641,2025-08-07 06:42:13,DELIVERED,SOUTH
636,306,2024-06-05 18:18:34,SHIPPED,CENTRAL
637,24,2025-03-04 00:03:29,SHIPPED,EAST
638,367,2024-04-15 13:27:52,SHIPPED,EAST
639,590,2026-01-08 17:59:46,RETURNED,CENTRAL
640,634,2024-11-30 23:59:56,CANCELLED,CENTRAL
641,270,13-05-2026 20:16:54,SHIPPED,EAST
642,61,2024-09-13 09:03:23,CANCELLED,EAST
643,64,2025-10-16 00:13:22,CANCELLED,CENTRAL
644,37,2025-06-21 06:03:26,RETURNED,CENTRAL
645,83,2026-05-23 16:16:23,RETURNED,EAST
646,107,2025-07-05 19:49:00,SHIPPED,EAST
647,311,10-03-2025 19:19:37,PLACED,SOUTH
648,389,2025-12-14 16:18:20,PLACED,WEST
649,387,2024-07-13 13:11:18,DELIVERED,SOUTH
650,121,2026-04-22 04:36:26,DELIVERED,SOUTH
651,60,2025-03-15 23:48:52,DELIVERED,SOUTH
652,550,2026-01-03 18:41:52,PLACED,SOUTH
653,79,2024-03-29 00:14:10,SHIPPED,NORTH
654,617,2025-11-20 17:02:40,PLACED,WEST
655,126,2024-04-29 07:27:16,RETURNED,SOUTH
656,366,2026-05-29 05:13:32,SHIPPED,EAST
657,565,2025-03-30 16:01:42,SHIPPED,EAST
658,555,2026-02-21 01:48:18,SHIPPED,WEST
659,637,2025-12-16 15:34:06,SHIPPED,SOUTH
660,534,2025-02-10 01:30:04,DELIVERED,NORTH
661,146,2025-01-06 20:37:18,DELIVERED,WEST
662,22,2026-02-14 00:37:09,SHIPPED,CENTRAL
663,87,2024-12-12 09:15:44,DELIVERED,WEST
664,,2025-08-17 07:55:16,PLACED,SOUTH
665,442,2026-05-20 16:47:46,SHIPPED,CENTRAL
666,27,2025-08-12 07:07:35,RETURNED,CENTRAL
667,29,2025-03-25 19:39:50,DELIVERED,WEST
668,59,2026-05-30 02:57:55,DELIVERED,EAST
669,548,2025-05-24 00:18:48,DELIVERED,CENTRAL
670,391,2026-02-16 23:25:02,RETURNED,SOUTH
671,288,2026-06-19 12:42:32,SHIPPED,SOUTH
672,303,2026-02-27 13:00:53,PLACED,EAST
673,257,2026-03-31 05:22:55,DELIVERED,NORTH
674,329,2025-02-14 21:55:43,DELIVERED,NORTH
675,478,2025-06-22 17:48:00,DELIVERED,CENTRAL
676,60,2025-12-06 03:58:25,SHIPPED,CENTRAL
677,66,2026-04-21 01:11:37,DELIVERED,EAST
678,507,2024-07-16 15:11:52,SHIPPED,CENTRAL
679,239,2024-06-26 18:52:37,SHIPPED,CENTRAL
680,594,2025-06-30 23:05:07,DELIVERED,NORTH
681,266,13-01-2026 23:33:43,CANCELLED,EAST
682,46,2024-12-30 14:07:59,PLACED,WEST
683,80,2025-10-20 01:36:12,DELIVERED,WEST
684,437,2025-05-06 18:09:05,SHIPPED,EAST
685,418,2026-05-22 00:36:12,DELIVERED,EAST
686,165,2025-10-31 01:38:43,RETURNED,CENTRAL
687,,2024-11-24 12:31:57,DELIVERED,CENTRAL
688,353,2025-10-28 21:26:35,DELIVERED,SOUTH
689,81,2026-01-17 00:17:50,RETURNED,CENTRAL
690,589,2026-05-01 15:36:31,DELIVERED,NORTH
691,541,2024-04-24 21:30:19,DELIVERED,CENTRAL
692,276,2025-10-04 11:30:11,SHIPPED,SOUTH
693,371,2026-02-02 20:01:43,DELIVERED,NORTH
694,456,2026-05-11 14:10:31,DELIVERED,NORTH
695,518,2025-09-05 16:30:27,DELIVERED,CENTRAL
696,429,2024-12-22 22:11:48,CANCELLED,SOUTH
697,251,2026-02-12 02:02:41,DELIVERED,SOUTH
698,294,2025-11-14 07:21:35,PLACED,WEST
699,152,2026-06-13 19:16:28,CANCELLED,SOUTH
700,465,2024-01-30 02:20:19,DELIVERED,CENTRAL
701,482,2024-06-05 21:22:49,PLACED,WEST
702,,2024-09-16 07:48:41,PLACED,CENTRAL
703,433,2025-07-04 11:47:17,DELIVERED,SOUTH
704,122,2025-08-24 14:33:41,CANCELLED,CENTRAL
705,111,2026-01-25 22:24:11,DELIVERED,EAST
706,419,2026-03-06 23:46:49,CANCELLED,EAST
707,138,2025-06-10 11:46:13,DELIVERED,CENTRAL
708,8,2025-11-17 00:38:06,DELIVERED,WEST
709,450,2024-12-08 06:20:30,DELIVERED,NORTH
710,506,2025-06-22 21:46:17,DELIVERED,CENTRAL
711,437,2025-05-10 03:09:33,SHIPPED,SOUTH
712,43,2024-11-23 06:44:43,SHIPPED,CENTRAL
713,356,2026-04-25 15:36:39,SHIPPED,WEST
714,174,2025-06-01 03:16:11,SHIPPED,CENTRAL
715,238,2026-06-17 15:13:22,PLACED,CENTRAL
716,173,2026-02-07 07:27:38,PLACED,CENTRAL
717,200,2024-01-11 08:29:35,CANCELLED,EAST
718,585,2025-05-15 06:35:02,DELIVERED,WEST
719,113,2026-03-15 03:56:32,CANCELLED,WEST
720,506,2025-02-21 15:27:30,PLACED,EAST
721,120,2026-02-05 17:50:25,DELIVERED,SOUTH
722,335,2024-08-31 11:12:47,SHIPPED,CENTRAL
723,76,2026-06-23 23:53:22,CANCELLED,NORTH
724,534,2025-04-18 15:08:09,DELIVERED,NORTH
725,643,2025-06-29 02:17:28,DELIVERED,SOUTH
726,272,2025-12-31 07:10:22,CANCELLED,WEST
727,204,2024-09-08 19:24:43,CANCELLED,SOUTH
728,,2024-04-14 11:40:54,DELIVERED,SOUTH
729,,2025-02-12 16:06:09,DELIVERED,SOUTH
730,496,2026-04-04 01:01:28,SHIPPED,EAST
731,300,2026-05-19 09:05:11,DELIVERED,CENTRAL
732,493,2025-12-28 10:58:34,PLACED,EAST
733,458,2025-05-20 11:40:52,DELIVERED,SOUTH
734,327,2025-12-07 02:42:58,DELIVERED,SOUTH
735,496,2026-01-29 21:44:33,DELIVERED,NORTH
736,520,2026-01-28 12:56:05,DELIVERED,NORTH
737,331,2025-10-23 14:20:15,DELIVERED,WEST
738,267,2024-10-05 10:26:23,DELIVERED,EAST
739,47,2026-04-27 21:45:49,SHIPPED,SOUTH
740,641,2024-06-20 08:51:51,DELIVERED,EAST
741,553,2024-08-18 11:20:02,PLACED,WEST
742,342,2025-10-07 21:37:57,DELIVERED,NORTH
743,371,2026-04-02 23:29:00,SHIPPED,CENTRAL
744,235,2025-04-01 18:58:24,RETURNED,EAST
745,567,2026-05-31 09:35:08,PLACED,NORTH
746,540,2025-01-06 15:07:29,DELIVERED,NORTH
747,309,2025-06-07 19:56:51,DELIVERED,SOUTH
748,,2024-07-11 01:44:19,DELIVERED,WEST
749,277,2024-05-11 21:55:17,DELIVERED,WEST
750,,2026-04-21 11:57:48,SHIPPED,CENTRAL
751,199,2025-04-29 23:16:32,DELIVERED,NORTH
752,470,2025-08-08 09:58:51,RETURNED,CENTRAL
753,299,2026-01-29 15:06:17,RETURNED,CENTRAL
754,292,2026-04-08 07:16:56,DELIVERED,WEST
755,382,2026-04-29 02:01:55,DELIVERED,CENTRAL
756,407,2026-02-19 03:28:25,DELIVERED,NORTH
757,341,2025-08-03 16:05:25,RETURNED,NORTH
758,213,2026-01-30 21:29:41,PLACED,WEST
759,485,2026-03-24 01:58:39,DELIVERED,SOUTH
760,506,2025-02-04 12:07:48,DELIVERED,SOUTH
761,,2026-05-28 04:22:20,CANCELLED,EAST
762,576,2026-04-29 15:06:05,DELIVERED,SOUTH
763,495,2025-10-18 13:41:27,DELIVERED,NORTH
764,436,2025-11-09 03:04:06,PLACED,NORTH
765,125,2024-12-31 04:16:20,CANCELLED,NORTH
766,,2025-10-20 22:39:34,DELIVERED,CENTRAL
767,561,2025-12-03 13:39:46,SHIPPED,WEST
768,278,2026-04-17 10:56:01,CANCELLED,CENTRAL
769,145,2025-03-26 19:19:12,SHIPPED,CENTRAL
770,381,2026-03-17 19:52:54,DELIVERED,SOUTH
771,139,2025-09-21 18:48:39,CANCELLED,NORTH
772,184,2024-08-21 13:25:11,RETURNED,NORTH
773,193,2025-03-03 18:37:04,DELIVERED,EAST
774,640,2025-11-18 01:05:28,PLACED,CENTRAL
775,354,02-06-2026 05:02:36,SHIPPED,EAST
776,437,2025-06-10 23:11:53,DELIVERED,EAST
777,208,2024-04-30 08:31:09,PLACED,SOUTH
778,270,2026-04-26 10:50:41,DELIVERED,CENTRAL
779,393,2025-06-14 21:15:50,CANCELLED,CENTRAL
780,631,2026-05-02 16:56:35,PLACED,SOUTH
781,94,2026-04-04 10:42:02,DELIVERED,NORTH
782,54,2025-09-02 09:23:51,DELIVERED,WEST
783,513,2025-12-09 13:16:57,DELIVERED,WEST
784,364,2025-04-29 07:19:24,SHIPPED,NORTH
785,220,2026-03-25 06:09:29,CANCELLED,SOUTH
786,574,2025-11-17 01:47:12,DELIVERED,NORTH
787,446,2025-10-11 21:06:34,CANCELLED,WEST
788,355,2025-10-20 18:46:16,DELIVERED,SOUTH
789,184,2024-01-17 13:53:48,DELIVERED,SOUTH
790,,2025-04-27 04:12:14,RETURNED,EAST
791,14,15-11-2025 01:36:27,SHIPPED,WEST
792,260,2024-12-22 22:58:14,RETURNED,NORTH
793,483,2025-12-07 00:16:09,DELIVERED,CENTRAL
794,40,17-03-2026 00:36:37,CANCELLED,SOUTH
795,182,2024-07-23 12:12:03,CANCELLED,NORTH
796,64,2025-12-16 01:47:38,DELIVERED,SOUTH
797,18,2025-02-25 09:19:29,CANCELLED,EAST
798,174,2025-09-29 23:02:04,RETURNED,WEST
799,63,2025-07-09 05:25:24,DELIVERED,SOUTH
800,86,2024-09-25 02:26:37,SHIPPED,SOUTH
801,420,2024-09-25 16:43:20,CANCELLED,NORTH
802,575,2025-11-11 04:37:08,DELIVERED,NORTH
803,475,2024-05-16 22:54:57,PLACED,NORTH
804,606,2026-06-03 16:17:01,DELIVERED,NORTH
805,384,2025-07-29 13:31:45,DELIVERED,SOUTH
806,196,2026-05-31 12:42:10,PLACED,NORTH
807,294,2025-07-10 06:14:08,DELIVERED,WEST
808,193,2025-04-29 21:20:59,SHIPPED,EAST
809,451,2026-02-27 17:44:22,DELIVERED,EAST
810,536,2026-04-25 15:15:26,DELIVERED,SOUTH
811,,2026-06-28 02:41:39,DELIVERED,SOUTH
812,445,2025-04-08 11:05:09,DELIVERED,EAST
813,516,2026-06-01 02:41:40,DELIVERED,NORTH
814,216,2025-12-11 13:27:18,SHIPPED,NORTH
815,647,2024-10-16 14:26:48,DELIVERED,EAST
816,387,2024-02-22 14:00:41,PLACED,EAST
817,9,2026-01-07 15:39:42,SHIPPED,NORTH
818,367,2025-04-20 18:46:59,DELIVERED,NORTH
819,632,2026-03-06 01:31:41,DELIVERED,WEST
820,250,2025-03-07 04:20:05,DELIVERED,WEST
821,308,2024-06-08 08:06:58,CANCELLED,CENTRAL
822,437,2025-04-15 10:30:18,DELIVERED,NORTH
823,171,2025-04-11 22:32:15,RETURNED,CENTRAL
824,582,2026-06-10 23:30:05,DELIVERED,NORTH
825,317,2024-08-07 18:02:46,DELIVERED,SOUTH
826,152,2024-11-07 07:41:49,SHIPPED,NORTH
827,209,2025-11-25 12:55:49,SHIPPED,CENTRAL
828,384,2024-08-09 20:10:38,SHIPPED,WEST
829,404,2025-12-29 18:11:55,DELIVERED,WEST
830,249,2025-06-10 10:18:17,SHIPPED,SOUTH
831,335,2025-03-15 22:15:35,DELIVERED,WEST
832,547,2025-09-14 19:53:23,DELIVERED,CENTRAL
833,,2024-10-03 18:17:14,DELIVERED,EAST
834,2,2025-09-10 13:15:16,DELIVERED,SOUTH
835,46,2024-11-24 03:18:45,PLACED,WEST
836,436,2024-09-09 02:08:18,DELIVERED,WEST
837,,2025-10-17 03:29:27,DELIVERED,CENTRAL
838,477,2024-09-02 09:03:36,DELIVERED,WEST
839,13,2025-11-26 11:32:43,DELIVERED,WEST
840,12,2026-06-12 14:17:41,DELIVERED,WEST
841,311,2026-01-11 04:26:51,DELIVERED,CENTRAL
842,462,2026-05-07 23:06:22,DELIVERED,EAST
843,374,2024-06-22 11:26:20,RETURNED,CENTRAL
844,82,31-01-2025 19:25:15,RETURNED,CENTRAL
845,528,2026-02-25 07:29:06,DELIVERED,NORTH
846,41,2025-08-30 09:52:59,DELIVERED,NORTH
847,379,2025-10-05 23:51:22,DELIVERED,NORTH
848,184,2025-03-31 12:46:04,PLACED,EAST
849,37,2024-06-22 11:51:16,PLACED,WEST
850,87,2025-12-16 12:50:49,DELIVERED,WEST
851,282,2025-06-20 12:56:01,DELIVERED,SOUTH
852,537,2025-11-09 00:12:05,PLACED,EAST
853,,2024-06-06 02:07:41,RETURNED,NORTH
854,310,2026-03-17 04:31:42,SHIPPED,EAST
855,82,2025-09-08 15:49:09,DELIVERED,CENTRAL
856,311,2026-05-29 12:47:03,DELIVERED,NORTH
857,485,2024-11-30 07:34:58,DELIVERED,SOUTH
858,47,2026-06-24 09:44:43,SHIPPED,EAST
859,417,26-01-2026 10:39:02,DELIVERED,SOUTH
860,474,2026-01-16 07:39:01,DELIVERED,NORTH
861,19,2025-10-26 03:08:50,DELIVERED,CENTRAL
862,603,2025-10-02 19:37:26,SHIPPED,WEST
863,572,2025-05-26 18:16:12,SHIPPED,WEST
864,511,2024-11-23 14:33:56,SHIPPED,WEST
865,34,2026-02-09 04:18:45,RETURNED,WEST
866,354,2025-11-02 06:28:24,RETURNED,EAST
867,323,2026-03-05 09:06:34,PLACED,CENTRAL
868,640,2025-08-19 02:47:26,DELIVERED,NORTH
869,291,2026-05-14 09:34:03,RETURNED,WEST
870,135,2026-01-29 23:12:44,CANCELLED,NORTH
871,217,2024-06-20 20:41:18,SHIPPED,SOUTH
872,411,2026-04-25 19:30:49,DELIVERED,WEST
873,286,2025-11-13 02:06:45,DELIVERED,EAST
874,546,2025-11-06 07:19:14,DELIVERED,WEST
875,461,2025-11-02 23:02:45,SHIPPED,EAST
876,,2025-06-02 22:28:02,DELIVERED,NORTH
877,429,2025-10-11 18:13:12,DELIVERED,CENTRAL
878,625,2026-05-24 11:40:00,DELIVERED,WEST
879,333,2025-09-29 03:14:00,DELIVERED,NORTH
880,24,2026-04-11 01:52:42,DELIVERED,WEST
881,198,2024-09-07 16:39:19,DELIVERED,SOUTH
882,205,2025-05-16 08:01:49,PLACED,NORTH
883,473,2025-12-14 07:57:11,DELIVERED,SOUTH
884,473,2026-02-16 01:21:52,CANCELLED,EAST
885,164,2025-01-28 04:35:08,RETURNED,NORTH
886,417,2026-05-27 20:35:03,CANCELLED,NORTH
887,267,2026-03-03 02:46:14,DELIVERED,CENTRAL
888,547,22-05-2026 14:05:07,DELIVERED,NORTH
889,408,2024-06-03 23:49:14,DELIVERED,CENTRAL
890,451,2026-05-02 10:44:04,PLACED,EAST
891,594,2024-08-15 15:35:58,DELIVERED,EAST
892,249,2026-04-06 20:08:54,PLACED,NORTH
893,504,2025-01-15 04:08:15,SHIPPED,WEST
894,462,2025-10-30 08:00:36,DELIVERED,SOUTH
895,296,2025-03-21 03:33:56,DELIVERED,EAST
896,315,2026-06-07 00:02:26,DELIVERED,WEST
897,302,2025-11-02 23:29:49,DELIVERED,SOUTH
898,394,2025-05-22 17:03:14,PLACED,SOUTH
899,152,26-06-2026 13:51:04,DELIVERED,CENTRAL
900,530,2025-09-22 10:59:04,RETURNED,EAST
660,534,2025-02-10 01:30:04,DELIVERED,NORTH
160,76,25-09-2025 23:29:27,PLACED,EAST
602,110,2025-08-05 01:09:51,CANCELLED,CENTRAL
874,546,2025-11-06 07:19:14,DELIVERED,WEST
514,462,2025-08-16 03:11:22,PLACED,SOUTH
322,128,2026-02-25 06:34:36,RETURNED,SOUTH
